{"test_metric": 1, "_timestamp": 1721227813.5819068, "_runtime": 3.55995774269104, "_step": 0, "_wandb": {"runtime": 3}}