{"test_metric": 1, "_timestamp": 1721227761.379359, "_runtime": 1.6555991172790527, "_step": 0, "_wandb": {"runtime": 1}}