{"test_metric": 1, "_timestamp": 1721227728.0138125, "_runtime": 1.8284845352172852, "_step": 0, "_wandb": {"runtime": 1}}